"","userid","version","juegos","ret1","ret7"
"1",139,"g1",36,0,1
"2",814,"g1",33,0,1
"3",591,"g1",37,0,1
"4",146,"g1",37,1,1
"5",553,"g1",35,1,1
"6",655,"g1",34,0,0
"7",89,"g1",34,1,1
"8",103,"g1",39,1,1
"9",827,"g1",38,1,1
"10",489,"g1",39,1,1
"11",272,"g1",38,1,1
"12",41,"g1",30,0,0
"13",616,"g1",33,1,1
"14",351,"g1",38,1,1
"15",401,"g1",26,1,0
"16",260,"g1",33,1,1
"17",240,"g1",32,1,0
"18",64,"g1",38,1,1
"19",97,"g1",33,1,0
"20",858,"g1",33,0,0
"21",265,"g1",38,1,1
"22",182,"g1",36,1,1
"23",669,"g1",39,1,1
"24",192,"g1",29,1,0
"25",185,"g1",32,1,1
"26",464,"g1",38,0,0
"27",955,"g1",28,1,1
"28",54,"g1",26,1,1
"29",247,"g1",36,1,1
"30",390,"g1",39,1,1
"31",322,"g1",36,1,1
"32",250,"g1",37,1,1
"33",149,"g1",32,0,0
"34",549,"g1",34,1,1
"35",536,"g1",35,0,0
"36",918,"g1",39,1,1
"37",18,"g1",36,0,0
"38",336,"g1",28,1,1
"39",702,"g1",35,1,1
"40",48,"g1",38,1,1
"41",222,"g1",34,1,1
"42",853,"g1",39,1,1
"43",297,"g1",31,1,0
"44",486,"g1",39,1,1
"45",715,"g1",40,1,1
"46",53,"g1",35,1,1
"47",846,"g1",29,1,1
"48",816,"g1",36,1,1
"49",56,"g1",34,0,0
"50",582,"g1",41,1,0
"51",323,"g1",41,1,0
"52",545,"g1",36,0,0
"53",834,"g1",30,1,1
"54",747,"g1",38,1,1
"55",377,"g1",38,0,0
"56",953,"g1",41,1,1
"57",573,"g1",37,1,1
"58",551,"g1",41,1,1
"59",119,"g1",38,1,1
"60",207,"g1",36,1,0
"61",533,"g1",40,1,1
"62",343,"g1",36,1,1
"63",348,"g1",32,1,1
"64",941,"g1",32,1,1
"65",368,"g1",29,1,1
"66",691,"g1",40,1,1
"67",393,"g1",33,1,1
"68",47,"g1",40,1,1
"69",226,"g1",35,1,1
"70",94,"g1",39,1,1
"71",510,"g1",38,1,1
"72",110,"g1",36,1,1
"73",398,"g1",36,0,1
"74",836,"g1",42,0,1
"75",235,"g1",39,1,1
"76",742,"g1",33,1,1
"77",587,"g1",36,1,1
"78",503,"g1",34,1,1
"79",403,"g1",36,0,1
"80",644,"g1",30,1,1
"81",445,"g1",34,1,1
"82",166,"g1",38,1,1
"83",910,"g1",32,0,1
"84",334,"g1",36,1,1
"85",75,"g1",33,1,1
"86",381,"g1",34,1,1
"87",50,"g1",39,1,0
"88",263,"g1",29,1,0
"89",496,"g1",33,1,0
"90",332,"g1",37,0,0
"91",842,"g1",29,1,1
"92",888,"g1",39,1,1
"93",899,"g1",35,1,1
"94",986,"g1",36,1,1
"95",238,"g1",35,1,1
"96",109,"g1",32,0,0
"97",487,"g1",29,0,0
"98",828,"g1",33,1,0
"99",59,"g1",35,1,1
"100",31,"g1",29,1,1
"101",739,"g1",37,1,1
"102",61,"g1",38,1,1
"103",425,"g1",33,0,0
"104",488,"g1",28,0,0
"105",733,"g1",32,1,1
"106",421,"g1",35,1,1
"107",30,"g1",31,1,1
"108",560,"g1",27,1,1
"109",417,"g1",37,1,1
"110",762,"g1",37,1,1
"111",589,"g1",39,1,1
"112",695,"g1",43,1,1
"113",745,"g1",42,1,1
"114",508,"g1",33,1,1
"115",862,"g1",37,1,1
"116",632,"g1",30,1,1
"117",66,"g1",37,0,1
"118",982,"g1",38,0,0
"119",914,"g1",35,0,1
"120",386,"g1",27,1,0
"121",208,"g1",26,1,1
"122",256,"g1",34,1,1
"123",628,"g1",34,1,1
"124",703,"g1",34,0,0
"125",592,"g1",28,1,1
"126",443,"g1",38,1,1
"127",132,"g1",42,1,1
"128",623,"g1",37,1,1
"129",58,"g1",35,1,0
"130",571,"g1",31,1,1
"131",209,"g1",36,0,1
"132",721,"g1",35,1,1
"133",85,"g1",35,1,1
"134",797,"g1",37,1,1
"135",384,"g1",33,0,0
"136",935,"g1",37,0,0
"137",198,"g1",34,0,0
"138",876,"g1",34,1,1
"139",34,"g1",42,1,1
"140",55,"g1",34,0,0
"141",80,"g1",37,1,1
"142",296,"g1",29,1,1
"143",860,"g1",38,1,1
"144",12,"g1",30,1,1
"145",637,"g1",41,1,1
"146",518,"g1",40,0,1
"147",15,"g1",34,0,0
"148",195,"g1",39,0,0
"149",257,"g1",33,1,1
"150",967,"g1",35,1,1
"151",86,"g1",33,1,1
"152",237,"g1",37,1,0
"153",291,"g1",35,1,1
"154",515,"g1",29,1,1
"155",288,"g1",30,0,1
"156",744,"g1",30,0,0
"157",765,"g1",34,1,1
"158",544,"g1",36,1,1
"159",523,"g1",33,1,1
"160",678,"g1",43,1,1
"161",389,"g1",31,0,0
"162",173,"g1",40,0,1
"163",676,"g1",41,1,0
"164",709,"g1",31,1,1
"165",905,"g1",38,1,1
"166",155,"g1",30,1,1
"167",568,"g1",32,1,1
"168",539,"g1",28,1,1
"169",532,"g1",37,1,1
"170",598,"g1",31,1,1
"171",651,"g1",38,0,0
"172",646,"g1",32,0,0
"173",852,"g1",33,1,1
"174",331,"g1",39,1,0
"175",158,"g1",37,0,0
"176",658,"g1",35,1,0
"177",450,"g1",34,1,1
"178",625,"g1",29,0,1
"179",318,"g1",37,0,0
"180",150,"g1",29,1,1
"181",114,"g1",38,1,1
"182",824,"g1",39,1,1
"183",252,"g1",38,1,1
"184",121,"g1",33,1,1
"185",333,"g1",36,0,0
"186",917,"g1",40,1,1
"187",179,"g1",34,0,0
"188",977,"g1",38,1,1
"189",896,"g1",38,0,0
"190",128,"g1",39,1,1
"191",305,"g1",34,1,1
"192",965,"g1",35,1,1
"193",137,"g1",33,1,1
"194",352,"g1",41,1,1
"195",885,"g1",34,1,1
"196",758,"g1",39,1,1
"197",585,"g1",38,1,1
"198",890,"g1",32,1,1
"199",303,"g1",33,1,0
"200",292,"g1",32,1,1
"201",796,"g1",38,1,1
"202",627,"g1",34,1,1
"203",4,"g1",36,0,0
"204",877,"g1",33,1,1
"205",763,"g1",40,1,1
"206",577,"g1",39,1,1
"207",39,"g1",37,1,1
"208",537,"g1",29,1,1
"209",524,"g1",35,0,0
"210",365,"g1",30,1,1
"211",391,"g1",31,1,0
"212",388,"g1",30,1,1
"213",617,"g1",33,0,0
"214",255,"g1",39,1,1
"215",410,"g1",38,0,0
"216",878,"g1",39,1,1
"217",643,"g1",28,1,1
"218",124,"g1",32,1,1
"219",976,"g1",41,1,1
"220",321,"g1",34,1,1
"221",916,"g1",34,1,0
"222",307,"g1",38,1,0
"223",996,"g1",41,1,1
"224",459,"g1",38,1,1
"225",881,"g1",36,1,1
"226",563,"g1",32,1,1
"227",267,"g1",33,0,0
"228",670,"g1",38,1,1
"229",347,"g1",31,1,1
"230",714,"g1",37,1,0
"231",576,"g1",26,1,1
"232",290,"g1",36,1,0
"233",194,"g1",36,1,1
"234",329,"g1",37,1,1
"235",282,"g1",37,1,0
"236",438,"g1",35,1,1
"237",349,"g1",39,1,1
"238",880,"g1",32,0,0
"239",271,"g1",34,1,0
"240",280,"g1",29,1,1
"241",242,"g1",34,1,1
"242",196,"g1",34,1,1
"243",513,"g1",29,0,1
"244",578,"g1",36,1,0
"245",698,"g1",39,1,1
"246",141,"g1",40,0,0
"247",641,"g1",34,1,1
"248",153,"g1",40,1,1
"249",950,"g1",29,0,0
"250",345,"g1",32,1,1
"251",38,"g1",38,1,1
"252",688,"g1",32,1,1
"253",972,"g1",39,1,0
"254",871,"g1",33,1,1
"255",300,"g1",40,0,0
"256",790,"g1",33,1,1
"257",942,"g1",36,1,1
"258",981,"g1",35,1,1
"259",165,"g1",40,1,1
"260",402,"g1",32,1,1
"261",838,"g1",36,0,0
"262",371,"g1",30,1,1
"263",511,"g1",35,1,1
"264",847,"g1",33,1,1
"265",26,"g1",35,1,1
"266",630,"g1",32,0,0
"267",645,"g1",34,1,1
"268",81,"g1",29,1,1
"269",818,"g1",35,1,1
"270",612,"g1",39,1,1
"271",924,"g1",36,1,1
"272",873,"g1",35,1,1
"273",939,"g1",36,1,1
"274",757,"g1",33,1,1
"275",70,"g1",27,1,1
"276",330,"g1",31,1,0
"277",492,"g1",36,1,1
"278",782,"g1",39,1,1
"279",211,"g1",37,1,0
"280",737,"g1",36,1,1
"281",400,"g1",36,1,1
"282",985,"g1",34,1,1
"283",104,"g1",40,1,1
"284",298,"g1",28,1,1
"285",506,"g1",33,1,1
"286",426,"g1",30,0,0
"287",148,"g1",37,1,1
"288",975,"g1",31,1,1
"289",33,"g1",37,1,1
"290",171,"g1",37,1,1
"291",891,"g1",33,1,1
"292",63,"g1",40,1,1
"293",20,"g1",34,1,1
"294",112,"g1",29,1,1
"295",131,"g1",34,1,1
"296",127,"g1",32,1,1
"297",454,"g1",37,1,1
"298",357,"g1",30,1,1
"299",759,"g1",35,1,1
"300",67,"g1",43,1,1
"301",180,"g1",25,1,0
"302",800,"g1",34,1,1
"303",286,"g1",27,1,0
"304",805,"g1",39,1,1
"305",857,"g1",34,1,1
"306",505,"g1",36,1,1
"307",602,"g1",37,1,0
"308",387,"g1",31,1,1
"309",809,"g1",34,0,0
"310",952,"g1",29,1,1
"311",689,"g1",35,1,1
"312",584,"g1",32,1,1
"313",441,"g1",35,1,0
"314",791,"g1",38,1,1
"315",954,"g1",34,1,1
"316",133,"g1",35,1,1
"317",654,"g1",37,1,1
"318",102,"g1",33,1,1
"319",335,"g1",32,1,1
"320",466,"g1",30,1,1
"321",449,"g1",42,0,0
"322",690,"g1",36,0,1
"323",123,"g1",26,0,0
"324",596,"g1",33,1,1
"325",220,"g1",34,1,1
"326",590,"g1",38,1,1
"327",453,"g1",26,1,1
"328",937,"g1",36,1,1
"329",802,"g1",26,1,1
"330",611,"g1",39,1,1
"331",429,"g1",36,1,1
"332",606,"g1",41,0,0
"333",530,"g1",38,1,1
"334",820,"g1",32,1,1
"335",281,"g1",37,1,1
"336",648,"g1",31,1,0
"337",748,"g1",31,1,0
"338",338,"g1",35,1,1
"339",370,"g1",39,1,1
"340",649,"g1",37,0,0
"341",789,"g1",38,1,1
"342",494,"g1",41,1,1
"343",326,"g1",33,1,1
"344",470,"g1",31,1,1
"345",212,"g1",29,0,0
"346",970,"g1",30,1,1
"347",311,"g1",28,1,1
"348",176,"g1",40,1,1
"349",694,"g1",38,1,1
"350",677,"g1",35,1,1
"351",817,"g1",30,1,1
"352",907,"g1",41,1,1
"353",988,"g1",28,1,1
"354",411,"g1",33,0,0
"355",994,"g1",29,1,1
"356",753,"g1",43,0,0
"357",621,"g1",29,1,1
"358",210,"g1",32,1,0
"359",620,"g1",37,1,1
"360",337,"g1",31,1,1
"361",653,"g1",37,1,1
"362",808,"g1",30,1,1
"363",229,"g1",40,1,1
"364",521,"g1",39,1,1
"365",968,"g1",37,0,0
"366",230,"g1",40,0,0
"367",317,"g1",38,1,1
"368",181,"g1",31,1,1
"369",23,"g1",37,1,0
"370",32,"g1",34,0,0
"371",264,"g1",35,0,0
"372",498,"g1",36,1,1
"373",679,"g1",35,1,1
"374",205,"g1",32,0,0
"375",188,"g1",28,1,1
"376",440,"g1",34,1,1
"377",840,"g1",33,1,1
"378",720,"g1",33,0,0
"379",706,"g1",34,1,1
"380",995,"g1",31,1,1
"381",701,"g1",30,1,1
"382",491,"g1",35,1,1
"383",9,"g1",38,1,1
"384",193,"g1",36,1,1
"385",723,"g1",39,1,1
"386",555,"g1",37,0,0
"387",189,"g1",35,1,1
"388",639,"g1",34,1,0
"389",90,"g1",30,0,1
"390",541,"g1",40,1,0
"391",652,"g1",31,1,1
"392",190,"g1",35,1,1
"393",882,"g1",32,1,1
"394",966,"g1",33,1,1
"395",184,"g1",31,1,1
"396",519,"g1",29,0,0
"397",685,"g1",38,0,1
"398",504,"g1",39,1,1
"399",460,"g1",36,1,1
"400",116,"g1",28,1,0
"401",666,"g1",30,1,1
"402",600,"g1",32,1,1
"403",289,"g1",30,1,1
"404",319,"g1",30,0,0
"405",517,"g1",34,1,1
"406",302,"g1",37,1,1
"407",259,"g1",39,1,1
"408",408,"g1",35,0,0
"409",569,"g1",28,1,1
"410",588,"g1",36,1,1
"411",558,"g1",42,1,1
"412",548,"g1",35,1,1
"413",367,"g1",37,0,0
"414",17,"g1",37,1,1
"415",779,"g1",32,1,1
"416",859,"g1",28,1,0
"417",951,"g1",36,1,1
"418",57,"g1",36,1,0
"419",101,"g1",40,1,1
"420",376,"g1",38,1,1
"421",992,"g1",33,1,1
"422",52,"g1",33,0,1
"423",766,"g1",40,1,1
"424",113,"g1",38,1,1
"425",423,"g1",38,1,1
"426",556,"g1",33,1,0
"427",920,"g1",30,0,0
"428",989,"g1",40,1,1
"429",908,"g1",36,1,1
"430",6,"g1",31,1,1
"431",278,"g1",35,0,0
"432",202,"g1",35,1,1
"433",904,"g1",26,1,1
"434",224,"g1",33,1,0
"435",493,"g1",28,1,1
"436",923,"g1",36,1,1
"437",134,"g1",28,0,0
"438",865,"g1",32,1,0
"439",945,"g1",31,1,1
"440",360,"g1",35,1,1
"441",471,"g1",37,1,1
"442",266,"g1",35,0,1
"443",650,"g1",35,1,0
"444",711,"g1",35,1,1
"445",172,"g1",32,1,0
"446",512,"g1",32,1,1
"447",477,"g1",32,0,0
"448",603,"g1",36,0,0
"449",1,"g1",32,1,1
"450",287,"g1",40,1,1
"451",605,"g1",38,1,1
"452",659,"g1",33,0,0
"453",234,"g1",37,1,0
"454",788,"g1",37,1,1
"455",813,"g1",30,1,1
"456",142,"g1",33,1,1
"457",922,"g1",35,0,0
"458",434,"g1",33,1,1
"459",160,"g1",35,1,1
"460",614,"g1",37,1,0
"461",902,"g1",33,1,0
"462",567,"g1",33,1,1
"463",444,"g1",36,1,1
"464",776,"g1",31,0,0
"465",906,"g1",36,1,1
"466",268,"g1",45,1,1
"467",608,"g1",34,1,1
"468",875,"g1",40,0,0
"469",309,"g1",36,1,1
"470",546,"g1",40,1,1
"471",671,"g1",36,1,0
"472",866,"g1",32,1,1
"473",823,"g1",39,0,0
"474",313,"g1",38,0,0
"475",867,"g1",30,1,1
"476",269,"g1",32,1,1
"477",140,"g1",35,1,1
"478",285,"g1",35,1,1
"479",978,"g1",33,0,0
"480",105,"g1",38,1,0
"481",115,"g1",32,1,1
"482",325,"g1",36,1,1
"483",557,"g1",40,1,1
"484",324,"g1",35,1,1
"485",631,"g1",36,0,0
"486",7,"g1",36,1,1
"487",930,"g1",36,1,1
"488",480,"g1",31,0,0
"489",964,"g1",40,1,1
"490",898,"g1",32,1,1
"491",940,"g1",37,1,1
"492",304,"g1",29,1,1
"493",884,"g1",36,1,1
"494",731,"g1",37,1,1
"495",71,"g1",38,0,0
"496",919,"g1",38,1,1
"497",526,"g1",38,1,1
"498",431,"g1",37,1,1
"499",276,"g1",31,1,1
"500",619,"g1",39,1,1
"501",895,"g2",45,1,1
"502",143,"g2",47,1,1
"503",581,"g2",47,1,1
"504",712,"g2",45,1,1
"505",538,"g2",47,1,1
"506",543,"g2",46,0,0
"507",962,"g2",46,1,1
"508",420,"g2",47,0,0
"509",973,"g2",46,0,0
"510",156,"g2",47,1,1
"511",284,"g2",47,1,1
"512",911,"g2",47,1,0
"513",722,"g2",47,1,1
"514",249,"g2",45,0,0
"515",293,"g2",46,0,0
"516",661,"g2",48,0,1
"517",154,"g2",45,1,1
"518",344,"g2",45,1,1
"519",42,"g2",46,1,1
"520",84,"g2",48,1,1
"521",354,"g2",46,1,1
"522",936,"g2",46,1,1
"523",135,"g2",47,1,1
"524",108,"g2",48,1,1
"525",177,"g2",46,0,0
"526",861,"g2",46,1,1
"527",157,"g2",47,1,1
"528",394,"g2",48,0,0
"529",43,"g2",47,1,0
"530",525,"g2",48,1,1
"531",462,"g2",46,1,1
"532",957,"g2",46,1,1
"533",1000,"g2",47,0,0
"534",407,"g2",45,1,1
"535",147,"g2",48,0,0
"536",851,"g2",48,1,0
"537",51,"g2",44,0,0
"538",634,"g2",47,1,1
"539",500,"g2",47,1,1
"540",499,"g2",47,1,1
"541",169,"g2",45,1,1
"542",72,"g2",44,1,0
"543",665,"g2",45,1,1
"544",798,"g2",47,1,1
"545",743,"g2",48,0,0
"546",422,"g2",46,1,1
"547",799,"g2",45,0,0
"548",312,"g2",46,1,1
"549",786,"g2",47,1,1
"550",395,"g2",47,1,1
"551",175,"g2",45,1,1
"552",251,"g2",47,0,0
"553",62,"g2",47,1,1
"554",299,"g2",45,1,1
"555",437,"g2",47,0,0
"556",774,"g2",48,0,0
"557",998,"g2",45,1,0
"558",547,"g2",46,0,0
"559",864,"g2",47,1,1
"560",597,"g2",47,1,1
"561",221,"g2",45,0,0
"562",490,"g2",46,1,1
"563",44,"g2",47,1,1
"564",833,"g2",47,0,0
"565",636,"g2",47,0,0
"566",815,"g2",46,1,1
"567",854,"g2",47,1,1
"568",529,"g2",47,0,0
"569",841,"g2",46,1,1
"570",159,"g2",46,0,0
"571",672,"g2",46,1,1
"572",380,"g2",47,0,0
"573",346,"g2",47,0,0
"574",164,"g2",45,0,0
"575",275,"g2",47,1,1
"576",974,"g2",48,1,1
"577",927,"g2",46,1,1
"578",168,"g2",46,0,0
"579",960,"g2",47,0,0
"580",483,"g2",47,1,1
"581",540,"g2",46,1,1
"582",36,"g2",47,1,1
"583",680,"g2",46,1,1
"584",248,"g2",46,0,0
"585",200,"g2",46,0,1
"586",595,"g2",48,1,1
"587",707,"g2",46,0,0
"588",295,"g2",45,1,1
"589",593,"g2",47,1,1
"590",474,"g2",47,1,1
"591",868,"g2",47,1,1
"592",277,"g2",47,1,1
"593",245,"g2",48,1,1
"594",83,"g2",46,1,1
"595",527,"g2",47,0,0
"596",705,"g2",47,1,1
"597",310,"g2",43,1,1
"598",350,"g2",47,0,0
"599",732,"g2",44,1,1
"600",987,"g2",45,1,1
"601",848,"g2",47,0,0
"602",575,"g2",48,0,0
"603",25,"g2",45,1,1
"604",615,"g2",46,0,1
"605",355,"g2",45,1,1
"606",849,"g2",46,1,1
"607",806,"g2",46,0,0
"608",203,"g2",47,0,0
"609",456,"g2",47,1,1
"610",418,"g2",47,0,1
"611",144,"g2",46,1,1
"612",749,"g2",45,1,0
"613",233,"g2",47,1,1
"614",19,"g2",48,1,1
"615",667,"g2",46,1,1
"616",716,"g2",47,1,1
"617",696,"g2",46,0,0
"618",804,"g2",47,0,0
"619",82,"g2",47,0,1
"620",463,"g2",47,1,1
"621",752,"g2",46,1,1
"622",3,"g2",46,1,1
"623",482,"g2",45,1,1
"624",943,"g2",47,1,1
"625",392,"g2",45,0,0
"626",991,"g2",47,1,1
"627",374,"g2",47,1,1
"628",509,"g2",47,0,0
"629",11,"g2",46,1,1
"630",399,"g2",45,1,1
"631",528,"g2",46,0,0
"632",218,"g2",48,0,0
"633",170,"g2",46,0,0
"634",60,"g2",47,1,1
"635",663,"g2",45,0,0
"636",724,"g2",44,1,0
"637",79,"g2",46,1,1
"638",186,"g2",46,1,1
"639",662,"g2",47,1,1
"640",353,"g2",45,0,0
"641",889,"g2",45,1,1
"642",999,"g2",47,0,0
"643",219,"g2",48,1,1
"644",5,"g2",44,0,0
"645",163,"g2",46,1,1
"646",912,"g2",46,1,1
"647",427,"g2",46,0,0
"648",375,"g2",47,1,1
"649",136,"g2",46,0,0
"650",439,"g2",47,1,1
"651",832,"g2",48,1,1
"652",151,"g2",46,0,1
"653",810,"g2",46,1,1
"654",684,"g2",48,1,0
"655",413,"g2",45,0,0
"656",534,"g2",46,0,0
"657",294,"g2",47,1,1
"658",983,"g2",48,0,0
"659",201,"g2",47,0,0
"660",580,"g2",47,1,1
"661",729,"g2",47,1,1
"662",718,"g2",47,1,0
"663",610,"g2",47,1,1
"664",760,"g2",47,1,1
"665",253,"g2",47,1,1
"666",433,"g2",46,0,0
"667",428,"g2",46,0,0
"668",497,"g2",47,1,1
"669",279,"g2",47,1,1
"670",692,"g2",47,1,0
"671",301,"g2",45,1,0
"672",472,"g2",47,1,1
"673",931,"g2",47,0,1
"674",215,"g2",43,1,1
"675",559,"g2",46,1,1
"676",473,"g2",47,1,1
"677",118,"g2",48,0,0
"678",542,"g2",48,1,1
"679",396,"g2",44,0,0
"680",872,"g2",46,1,1
"681",152,"g2",45,0,0
"682",856,"g2",46,0,0
"683",415,"g2",46,1,1
"684",781,"g2",47,1,1
"685",117,"g2",45,1,1
"686",887,"g2",46,1,1
"687",550,"g2",48,0,0
"688",2,"g2",48,1,1
"689",979,"g2",47,1,1
"690",458,"g2",44,1,1
"691",88,"g2",46,1,1
"692",359,"g2",46,0,0
"693",197,"g2",46,0,1
"694",111,"g2",47,0,0
"695",594,"g2",47,1,1
"696",457,"g2",45,1,1
"697",232,"g2",45,1,1
"698",755,"g2",45,1,1
"699",830,"g2",45,1,1
"700",78,"g2",45,0,0
"701",361,"g2",47,0,0
"702",835,"g2",47,1,1
"703",452,"g2",47,0,0
"704",792,"g2",47,1,1
"705",372,"g2",45,1,1
"706",750,"g2",47,0,0
"707",484,"g2",48,1,0
"708",91,"g2",46,1,1
"709",308,"g2",47,1,1
"710",95,"g2",46,1,1
"711",656,"g2",47,1,1
"712",436,"g2",47,1,1
"713",807,"g2",45,1,1
"714",167,"g2",46,1,1
"715",883,"g2",45,1,1
"716",870,"g2",47,1,0
"717",29,"g2",47,1,1
"718",120,"g2",46,0,1
"719",501,"g2",46,1,0
"720",342,"g2",43,1,0
"721",522,"g2",47,0,0
"722",254,"g2",47,0,0
"723",793,"g2",46,0,0
"724",837,"g2",47,1,0
"725",794,"g2",47,1,1
"726",406,"g2",46,1,1
"727",366,"g2",44,0,0
"728",845,"g2",46,1,0
"729",812,"g2",46,1,1
"730",921,"g2",49,0,0
"731",214,"g2",47,1,1
"732",514,"g2",48,0,0
"733",435,"g2",43,0,0
"734",191,"g2",46,0,0
"735",819,"g2",45,0,0
"736",448,"g2",48,0,0
"737",886,"g2",47,0,0
"738",913,"g2",47,0,0
"739",340,"g2",46,0,0
"740",236,"g2",48,1,1
"741",16,"g2",46,0,1
"742",682,"g2",45,0,0
"743",258,"g2",47,1,1
"744",708,"g2",47,0,0
"745",419,"g2",49,1,1
"746",997,"g2",48,0,0
"747",993,"g2",45,1,1
"748",447,"g2",46,1,1
"749",46,"g2",47,1,1
"750",469,"g2",48,0,0
"751",687,"g2",46,1,1
"752",98,"g2",44,1,1
"753",468,"g2",47,1,1
"754",784,"g2",46,1,1
"755",385,"g2",47,0,0
"756",92,"g2",48,1,1
"757",879,"g2",44,1,1
"758",565,"g2",47,1,1
"759",730,"g2",47,0,0
"760",243,"g2",45,1,1
"761",106,"g2",47,0,0
"762",409,"g2",48,1,1
"763",768,"g2",46,0,0
"764",22,"g2",46,1,1
"765",283,"g2",48,0,0
"766",726,"g2",46,0,0
"767",69,"g2",44,0,0
"768",358,"g2",45,1,1
"769",900,"g2",47,0,0
"770",778,"g2",46,1,1
"771",925,"g2",46,1,1
"772",946,"g2",47,0,0
"773",903,"g2",47,1,1
"774",397,"g2",48,0,0
"775",24,"g2",45,0,0
"776",775,"g2",45,0,0
"777",328,"g2",47,0,0
"778",145,"g2",47,1,1
"779",161,"g2",45,1,1
"780",626,"g2",46,1,0
"781",213,"g2",47,0,0
"782",675,"g2",48,1,1
"783",959,"g2",46,0,1
"784",174,"g2",46,0,0
"785",948,"g2",47,1,1
"786",738,"g2",47,1,1
"787",99,"g2",46,1,1
"788",601,"g2",47,0,0
"789",622,"g2",45,1,1
"790",613,"g2",46,1,1
"791",668,"g2",45,1,1
"792",980,"g2",46,0,1
"793",306,"g2",48,0,0
"794",719,"g2",47,1,1
"795",76,"g2",47,1,1
"796",958,"g2",45,1,1
"797",187,"g2",46,0,0
"798",383,"g2",45,0,0
"799",647,"g2",46,1,1
"800",660,"g2",46,1,1
"801",683,"g2",46,0,0
"802",586,"g2",47,1,1
"803",227,"g2",46,1,1
"804",74,"g2",46,1,1
"805",874,"g2",47,1,1
"806",944,"g2",47,1,1
"807",246,"g2",44,1,1
"808",199,"g2",47,1,1
"809",363,"g2",47,1,1
"810",681,"g2",44,1,1
"811",10,"g2",47,1,1
"812",831,"g2",48,1,1
"813",570,"g2",47,1,1
"814",129,"g2",45,1,1
"815",531,"g2",46,1,1
"816",476,"g2",46,1,1
"817",412,"g2",47,0,0
"818",629,"g2",48,0,0
"819",122,"g2",46,1,1
"820",928,"g2",44,1,1
"821",664,"g2",46,0,0
"822",969,"g2",48,1,1
"823",915,"g2",45,0,0
"824",478,"g2",45,1,0
"825",638,"g2",45,1,1
"826",863,"g2",45,1,1
"827",339,"g2",44,0,0
"828",572,"g2",48,0,0
"829",502,"g2",44,1,0
"830",495,"g2",44,1,1
"831",125,"g2",47,0,0
"832",96,"g2",43,1,1
"833",369,"g2",47,0,0
"834",223,"g2",47,0,0
"835",843,"g2",47,1,0
"836",485,"g2",45,1,1
"837",713,"g2",46,0,0
"838",704,"g2",46,1,1
"839",130,"g2",48,0,0
"840",8,"g2",46,1,1
"841",635,"g2",47,0,0
"842",564,"g2",45,0,0
"843",769,"g2",47,1,0
"844",87,"g2",46,0,0
"845",607,"g2",47,1,1
"846",404,"g2",48,1,1
"847",446,"g2",48,1,1
"848",901,"g2",47,1,1
"849",562,"g2",46,0,0
"850",938,"g2",46,0,0
"851",949,"g2",46,1,1
"852",686,"g2",47,0,1
"853",929,"g2",45,1,0
"854",28,"g2",48,1,0
"855",697,"g2",47,0,0
"856",771,"g2",47,0,1
"857",932,"g2",46,0,0
"858",378,"g2",48,0,0
"859",897,"g2",46,1,1
"860",507,"g2",46,1,1
"861",700,"g2",48,0,0
"862",826,"g2",46,0,0
"863",773,"g2",45,1,1
"864",754,"g2",45,1,1
"865",961,"g2",47,1,1
"866",40,"g2",45,1,1
"867",604,"g2",45,1,1
"868",728,"g2",48,1,1
"869",273,"g2",47,1,1
"870",767,"g2",46,1,1
"871",432,"g2",46,0,0
"872",642,"g2",44,1,0
"873",481,"g2",46,1,1
"874",770,"g2",47,1,0
"875",727,"g2",48,0,0
"876",825,"g2",45,1,1
"877",735,"g2",48,0,0
"878",725,"g2",48,0,0
"879",740,"g2",46,1,1
"880",228,"g2",45,1,1
"881",801,"g2",46,0,0
"882",73,"g2",47,1,1
"883",225,"g2",47,1,1
"884",126,"g2",46,1,1
"885",217,"g2",46,1,1
"886",241,"g2",49,0,0
"887",673,"g2",46,1,1
"888",479,"g2",45,1,1
"889",239,"g2",46,1,1
"890",552,"g2",47,1,1
"891",424,"g2",46,0,0
"892",382,"g2",45,0,0
"893",461,"g2",47,1,1
"894",971,"g2",46,1,1
"895",855,"g2",45,1,1
"896",206,"g2",46,1,1
"897",624,"g2",48,0,0
"898",262,"g2",47,1,1
"899",609,"g2",45,0,0
"900",741,"g2",47,1,0
"901",554,"g2",47,1,1
"902",947,"g2",46,1,1
"903",844,"g2",46,1,1
"904",785,"g2",46,0,0
"905",657,"g2",47,1,1
"906",414,"g2",45,1,1
"907",49,"g2",46,1,1
"908",244,"g2",48,0,1
"909",751,"g2",47,0,0
"910",803,"g2",46,0,0
"911",811,"g2",47,1,1
"912",314,"g2",46,1,1
"913",162,"g2",46,1,1
"914",178,"g2",46,0,0
"915",379,"g2",46,0,1
"916",761,"g2",45,0,0
"917",100,"g2",48,1,1
"918",850,"g2",47,1,1
"919",35,"g2",48,0,1
"920",327,"g2",47,0,0
"921",764,"g2",47,1,1
"922",736,"g2",45,0,0
"923",455,"g2",46,1,1
"924",37,"g2",45,1,1
"925",430,"g2",48,0,0
"926",783,"g2",45,0,0
"927",341,"g2",47,1,1
"928",926,"g2",48,1,0
"929",21,"g2",47,1,1
"930",640,"g2",47,0,0
"931",869,"g2",47,1,1
"932",893,"g2",48,0,0
"933",566,"g2",46,0,0
"934",520,"g2",46,1,1
"935",535,"g2",45,1,1
"936",405,"g2",46,0,0
"937",416,"g2",46,1,1
"938",780,"g2",47,1,1
"939",599,"g2",47,1,1
"940",465,"g2",45,0,0
"941",892,"g2",46,1,1
"942",138,"g2",47,0,0
"943",373,"g2",46,0,0
"944",934,"g2",46,1,0
"945",320,"g2",48,1,1
"946",315,"g2",46,0,0
"947",574,"g2",46,0,0
"948",787,"g2",46,1,1
"949",734,"g2",47,0,0
"950",795,"g2",47,0,0
"951",984,"g2",48,1,1
"952",13,"g2",46,0,0
"953",442,"g2",47,0,1
"954",717,"g2",45,0,0
"955",674,"g2",46,0,0
"956",93,"g2",45,0,0
"957",710,"g2",46,1,1
"958",183,"g2",47,1,1
"959",451,"g2",46,1,1
"960",909,"g2",47,0,0
"961",693,"g2",46,1,0
"962",316,"g2",45,1,1
"963",475,"g2",48,1,1
"964",467,"g2",46,0,0
"965",77,"g2",47,0,0
"966",963,"g2",47,0,1
"967",274,"g2",45,1,1
"968",356,"g2",47,0,0
"969",65,"g2",45,1,1
"970",699,"g2",45,1,1
"971",894,"g2",45,0,0
"972",777,"g2",45,0,0
"973",583,"g2",46,0,0
"974",618,"g2",45,0,0
"975",990,"g2",45,1,1
"976",772,"g2",48,1,1
"977",633,"g2",48,1,1
"978",516,"g2",47,0,0
"979",756,"g2",47,0,0
"980",956,"g2",48,0,0
"981",14,"g2",47,1,1
"982",364,"g2",46,1,1
"983",107,"g2",46,1,1
"984",216,"g2",48,0,0
"985",933,"g2",47,1,1
"986",821,"g2",46,1,1
"987",822,"g2",49,0,0
"988",829,"g2",45,1,1
"989",270,"g2",46,0,0
"990",204,"g2",47,0,0
"991",231,"g2",47,1,1
"992",68,"g2",45,0,0
"993",839,"g2",45,1,1
"994",45,"g2",46,1,1
"995",579,"g2",48,0,1
"996",362,"g2",47,0,0
"997",561,"g2",45,1,1
"998",746,"g2",46,0,0
"999",27,"g2",48,1,1
"1000",261,"g2",47,0,0
